"phone","password"
"13800000101","password123"
"13800000102","password123"
"13800000103","password123"
"13800000104","password123"
"13800000105","password123"
"13800000106","password123"
"13800000107","password123"
"13800000108","password123"
"13800000109","password123"
"13800000110","password123"
"13800000111","password123"
"13800000112","password123"
"13800000113","password123"
"13800000114","password123"
"13800000115","password123"
"13800000116","password123"
"13800000117","password123"
"13800000118","password123"
"13800000119","password123"
"13800000120","password123"
"13800000121","password123"
"13800000122","password123"
"13800000123","password123"
"13800000124","password123"
"13800000125","password123"
"13800000126","password123"
"13800000127","password123"
"13800000128","password123"
"13800000129","password123"
"13800000130","password123"
"13800000131","password123"
"13800000132","password123"
"13800000133","password123"
"13800000134","password123"
"13800000135","password123"
"13800000136","password123"
"13800000137","password123"
"13800000138","password123"
"13800000139","password123"
"13800000140","password123"
"13800000141","password123"
"13800000142","password123"
"13800000143","password123"
"13800000144","password123"
"13800000145","password123"
"13800000146","password123"
"13800000147","password123"
"13800000148","password123"
"13800000149","password123"
"13800000150","password123"
